Time,SteeringAngle,Acceleration
0.0,0.0122,0.0
0.033,0.0,0.0
0.067,0.0,0.0
0.1,0.0,0.0
0.133,0.0,0.0
0.167,0.0,0.0
0.2,0.0,0.0
0.233,0.0304,-5.0
0.267,0.0304,-5.0
0.3,0.0304,-5.0
0.333,0.0304,-5.0
0.367,0.0304,-5.0
0.4,0.0304,-5.0
0.433,0.0061,0.0
0.467,0.0061,0.0
0.5,0.0061,0.0
0.533,0.0061,0.0
0.567,0.0061,0.0
0.6,0.0061,0.0
0.633,0.0,0.0
0.667,0.0,0.0
0.7,0.0,0.0
0.733,0.0,0.0
0.767,0.0,0.0
0.8,0.0,0.0
0.833,0.0,0.0
0.867,0.0,0.0
0.9,0.0,0.0
0.933,0.0,0.0
0.967,0.0,0.0
1.0,0.0,0.0
1.033,0.0,0.0
1.067,0.0,0.0
1.1,0.0,0.0
1.133,0.0,0.0
1.167,0.0,0.0
1.2,0.0,0.0
1.233,0.0,0.0
1.267,0.0,0.0
1.3,0.0,0.0
1.333,0.0,0.0
1.367,0.0,0.0
1.4,0.0,0.0
1.433,0.0122,0.0
1.467,0.0122,0.0
1.5,0.0122,0.0
1.533,0.0122,0.0
1.567,0.0122,0.0
1.6,0.0122,0.0
1.633,0.0,0.0
1.667,0.0,0.0
1.7,0.0,0.0
1.733,0.0,0.0
1.767,0.0,0.0
1.8,0.0,0.0
1.833,0.0,0.0
1.867,0.0,0.0
1.9,0.0,0.0
1.933,0.0,0.0
1.967,0.0,0.0
2.0,0.0,0.0
2.033,0.0,0.0
2.067,0.0,0.0
2.1,0.0,0.0
2.133,0.0,0.0
2.167,0.0,0.0
2.2,0.0,0.0
2.233,0.0,0.0
2.267,0.0,0.0
2.3,0.0,0.0
2.333,0.0,0.0
2.367,0.0,0.0
2.4,0.0,0.0
2.433,0.0,0.0
2.467,0.0,0.0
2.5,0.0,0.0
2.533,0.0,0.0
2.567,0.0,0.0
2.6,0.0,0.0
2.633,0.0,0.0
2.667,0.0,0.0
2.7,0.0,0.0
2.733,0.0,0.0
2.767,0.0,0.0
2.8,0.0,0.0
2.833,0.0,0.0
2.867,0.0,0.0
2.9,0.0,0.0
2.933,0.0,0.0
2.967,0.0,0.0
3.0,0.0,0.0
3.033,0.0,0.0
3.067,0.0,0.0
3.1,0.0,0.0
3.133,0.0,0.0
3.167,0.0,0.0
3.2,0.0,0.0
3.233,0.0,0.0
3.267,0.0,0.0
3.3,0.0,0.0
3.333,0.0,0.0
3.367,0.0,0.0
3.4,0.0,0.0
3.433,0.0,0.0
3.467,0.0,0.0
3.5,0.0,0.0
3.533,0.0,0.0
3.567,0.0,0.0
3.6,0.0,0.0
3.633,0.0,0.0
3.667,0.0,0.0
3.7,0.0,0.0
3.733,0.0,0.0
3.767,0.0,0.0
3.8,0.0,0.0
3.833,0.0,0.0
3.867,0.0,0.0
3.9,0.0,0.0
3.933,0.0,0.0
3.967,0.0,0.0
4.0,0.0,0.0
4.033,0.0,0.0
4.067,0.0,0.0
4.1,0.0,0.0
4.133,0.0,0.0
4.167,0.0,0.0
4.2,0.0,0.0
4.233,0.0,0.0
4.267,0.0,0.0
4.3,0.0,0.0
4.333,0.0,0.0
4.367,0.0,0.0
4.4,0.0,0.0
4.433,0.0,0.0
4.467,0.0,0.0
4.5,0.0,0.0
4.533,0.0,0.0
4.567,0.0,0.0
4.6,0.0,0.0
4.633,0.0,0.0
4.667,0.0,0.0
4.7,0.0,0.0
4.733,0.0,0.0
4.767,0.0,0.0
4.8,0.0,0.0
4.833,0.0,0.0
4.867,0.0,0.0
4.9,0.0,0.0
4.933,0.0,0.0
4.967,0.0,0.0
5.0,0.0,0.0
5.033,0.0,0.0
5.067,0.0,0.0
5.1,0.0,0.0
5.133,0.0,0.0
5.167,0.0,0.0
5.2,0.0,0.0
5.233,0.0,0.0
5.267,0.0,0.0
5.3,0.0,0.0
5.333,0.0,0.0
5.367,0.0,0.0
5.4,0.0,0.0
5.433,0.0,0.0
5.467,0.0,0.0
5.5,0.0,0.0
5.533,0.0,0.0
5.567,0.0,0.0
5.6,0.0,0.0
5.633,0.0,0.0
5.667,0.0,0.0
5.7,0.0,0.0
5.733,0.0,0.0
5.767,0.0,0.0
5.8,0.0,0.0
5.833,0.0,0.0
5.867,0.0,0.0
5.9,0.0,0.0
5.933,0.0,0.0
5.967,0.0,0.0
6.0,0.0,0.0
6.033,0.0,0.0
6.067,0.0,0.0
6.1,0.0,0.0
6.133,0.0,0.0
6.167,0.0,0.0
6.2,0.0,0.0
6.233,0.0,0.0
6.267,0.0,0.0
6.3,0.0,0.0
6.333,0.0,0.0
6.367,0.0,0.0
6.4,0.0,0.0
6.433,0.0,0.0
6.467,0.0,0.0
6.5,0.0,0.0
6.533,0.0,0.0
6.567,0.0,0.0
6.6,0.0,0.0
6.633,0.0,0.0
6.667,0.0,0.0
6.7,0.0,0.0
6.733,0.0,0.0
6.767,0.0,0.0
6.8,0.0,0.0
6.833,0.0,0.0
6.867,0.0,0.0
6.9,0.0,0.0
6.933,0.0,0.0
6.967,0.0,0.0
7.0,0.0,0.0
7.033,0.0,0.0
7.067,0.0,0.0
7.1,0.0,0.0
7.133,0.0,0.0
7.167,0.0,0.0
7.2,0.0,0.0
7.233,0.0,0.0
7.267,0.0,0.0
7.3,0.0,0.0
7.333,0.0,0.0
7.367,0.0,0.0
7.4,0.0,0.0
7.433,0.0,0.0
7.467,0.0,0.0
7.5,0.0,0.0
7.533,0.0,0.0
7.567,0.0,0.0
7.6,0.0,0.0
7.633,0.0,0.0
7.667,0.0,0.0
7.7,0.0,0.0
7.733,0.0,0.0
7.767,0.0,0.0
7.8,0.0,0.0
7.833,0.0,0.0
7.867,0.0,0.0
7.9,0.0,0.0
7.933,0.0,0.0
7.967,0.0,0.0
8.0,0.0,0.0
8.033,0.0,0.0
8.067,0.0,0.0
8.1,0.0,0.0
8.133,0.0,0.0
8.167,0.0,0.0
8.2,0.0,0.0
8.233,0.0,0.0
8.267,0.0,0.0
8.3,0.0,0.0
8.333,0.0,0.0
8.367,0.0,0.0
8.4,0.0,0.0
8.433,0.0,0.0
8.467,0.0,0.0
8.5,0.0,0.0
8.533,0.0,0.0
8.567,0.0,0.0
8.6,0.0,0.0
8.633,0.0,0.0
8.667,0.0,0.0
8.7,0.0,0.0
8.733,0.0,0.0
8.767,0.0,0.0
8.8,0.0,0.0
8.833,0.0,0.0
8.867,0.0,0.0
8.9,0.0,0.0
8.933,0.0,0.0
8.967,0.0,0.0
9.0,0.0,0.0
9.033,0.0,0.0
9.067,0.0,0.0
9.1,0.0,0.0
9.133,0.0,0.0
9.167,0.0,0.0
9.2,0.0,0.0
9.233,0.0,0.0
9.267,0.0,0.0
9.3,0.0,0.0
9.333,0.0,0.0
9.367,0.0,0.0
9.4,0.0,0.0
9.433,0.0,0.0
9.467,0.0,0.0
9.5,0.0,0.0
9.533,0.0,0.0
9.567,0.0,0.0
9.6,0.0,0.0
9.633,0.0,0.0
9.667,0.0,0.0
9.7,0.0,0.0
9.733,0.0,0.0
9.767,0.0,0.0
9.8,0.0,0.0
9.833,0.0,0.0
9.867,0.0,0.0
9.9,0.0,0.0
9.933,0.0,0.0
9.967,0.0,0.0
10.0,0.0,0.0
10.033,0.0,0.0
10.067,0.0,0.0
10.1,0.0,0.0
10.133,0.0,0.0
10.167,0.0,0.0
10.2,0.0,0.0
10.233,0.0,0.0
10.267,0.0,0.0
10.3,0.0,0.0
10.333,0.0,0.0
10.367,0.0,0.0
10.4,0.0,0.0
10.433,0.0,0.0
10.467,0.0,0.0
10.5,0.0,0.0
10.533,0.0,0.0
10.567,0.0,0.0
10.6,0.0,0.0
10.633,0.0,0.0
10.667,0.0,0.0
10.7,0.0,0.0
10.733,0.0,0.0
10.767,0.0,0.0
10.8,0.0,0.0
10.833,0.0,0.0
10.867,0.0,0.0
10.9,0.0,0.0
10.933,0.0,0.0
10.967,0.0,0.0
11.0,0.0,0.0
11.033,0.0,0.0
11.067,0.0,0.0
11.1,0.0,0.0
11.133,0.0,0.0
11.167,0.0,0.0
11.2,0.0,0.0
11.233,0.0,0.0
11.267,0.0,0.0
11.3,0.0,0.0
11.333,0.0,0.0
11.367,0.0,0.0
11.4,0.0,0.0
11.433,0.0,0.0
11.467,0.0,0.0
11.5,0.0,0.0
11.533,0.0,0.0
11.567,0.0,0.0
11.6,0.0,0.0
11.633,0.0,0.0
11.667,0.0,0.0
11.7,0.0,0.0
11.733,0.0,0.0
11.767,0.0,0.0
11.8,0.0,0.0
11.833,0.0,0.0
11.867,0.0,0.0
11.9,0.0,0.0
11.933,0.0,0.0
11.967,0.0,0.0
12.0,0.0,0.0
12.033,0.0,0.0
12.067,0.0,0.0
12.1,0.0,0.0
12.133,0.0,0.0
12.167,0.0,0.0
12.2,0.0,0.0
12.233,0.0,0.0
12.267,0.0,0.0
12.3,0.0,0.0
12.333,0.0,0.0
12.367,0.0,0.0
12.4,0.0,0.0
12.433,0.0,0.0
12.467,0.0,0.0
12.5,0.0,0.0
12.533,0.0,0.0
12.567,0.0,0.0
12.6,0.0,0.0
12.633,0.0,0.0
12.667,0.0,0.0
12.7,0.0,0.0
12.733,0.0,0.0
12.767,0.0,0.0
12.8,0.0,0.0
12.833,0.0,0.0
12.867,0.0,0.0
12.9,0.0,0.0
12.933,0.0,0.0
12.967,0.0,0.0
13.0,0.0,0.0
13.033,0.0,0.0
13.067,0.0,0.0
13.1,0.0,0.0
13.133,0.0,0.0
13.167,0.0,0.0
13.2,0.0,0.0
13.233,0.0,0.0
13.267,0.0,0.0
13.3,0.0,0.0
13.333,0.0,0.0
13.367,0.0,0.0
13.4,0.0,0.0
13.433,0.0,0.0
13.467,0.0,0.0
13.5,0.0,0.0
13.533,0.0,0.0
13.567,0.0,0.0
13.6,0.0,0.0
13.633,0.0,0.0
13.667,0.0,0.0
13.7,0.0,0.0
13.733,0.0,0.0
13.767,0.0,0.0
13.8,0.0,0.0
13.833,0.0,0.0
13.867,0.0,0.0
13.9,0.0,0.0
13.933,0.0,0.0
13.967,0.0,0.0
14.0,0.0,0.0
14.033,0.0,0.0
14.067,0.0,0.0
14.1,0.0,0.0
14.133,0.0,0.0
14.167,0.0,0.0
14.2,0.0,0.0
14.233,0.0,0.0
14.267,0.0,0.0
14.3,0.0,0.0
14.333,0.0,0.0
14.367,0.0,0.0
14.4,0.0,0.0
14.433,0.0,0.0
14.467,0.0,0.0
14.5,0.0,0.0
14.533,0.0,0.0
14.567,0.0,0.0
14.6,0.0,0.0
14.633,0.0,0.0
14.667,0.0,0.0
14.7,0.0,0.0
14.733,0.0,0.0
14.767,0.0,0.0
14.8,0.0,0.0
14.833,0.0,0.0
14.867,0.0,0.0
14.9,0.0,0.0
14.933,0.0,0.0
14.967,0.0,0.0
15.0,0.0,0.0
15.033,0.0,0.0
15.067,0.0,0.0
15.1,0.0,0.0
15.133,0.0,0.0
15.167,0.0,0.0
15.2,0.0,0.0
15.233,0.0,0.0
15.267,0.0,0.0
15.3,0.0,0.0
15.333,0.0,0.0
15.367,0.0,0.0
15.4,0.0,0.0
15.433,0.0,0.0
15.467,0.0,0.0
15.5,0.0,0.0
15.533,0.0,0.0
15.567,0.0,0.0
15.6,0.0,0.0
15.633,0.0,0.0
15.667,0.0,0.0
15.7,0.0,0.0
15.733,0.0,0.0
15.767,0.0,0.0
15.8,0.0,0.0
15.833,0.0,0.0
15.867,0.0,0.0
15.9,0.0,0.0
15.933,0.0,0.0
15.967,0.0,0.0
16.0,0.0,0.0
16.033,0.0,0.0
16.067,0.0,0.0
16.1,0.0,0.0
16.133,0.0,0.0
16.167,0.0,0.0
16.2,0.0,0.0
16.233,0.0,0.0
16.267,0.0,0.0
16.3,0.0,0.0
16.333,0.0,0.0
16.367,0.0,0.0
16.4,0.0,0.0
16.433,0.0,0.0
16.467,0.0,0.0
16.5,0.0,0.0
16.533,0.0,0.0
16.567,0.0,0.0
16.6,0.0,0.0
16.633,0.0,0.0
16.667,0.0,0.0
16.7,0.0,0.0
16.733,0.0,0.0
16.767,0.0,0.0
16.8,0.0,0.0
16.833,0.0,0.0
16.867,0.0,0.0
16.9,0.0,0.0
16.933,0.0,0.0
16.967,0.0,0.0
17.0,0.0,0.0
17.033,0.0,0.0
17.067,0.0,0.0
17.1,0.0,0.0
17.133,0.0,0.0
17.167,0.0,0.0
17.2,0.0,0.0
17.233,0.0,0.0
17.267,0.0,0.0
17.3,0.0,0.0
17.333,0.0,0.0
17.367,0.0,0.0
17.4,0.0,0.0
17.433,0.0,0.0
17.467,0.0,0.0
17.5,0.0,0.0
17.533,0.0,0.0
17.567,0.0,0.0
17.6,0.0,0.0
17.633,0.0,0.0
17.667,0.0,0.0
17.7,0.0,0.0
17.733,0.0,0.0
17.767,0.0,0.0
17.8,0.0,0.0
17.833,0.0,0.0
17.867,0.0,0.0
17.9,0.0,0.0
17.933,0.0,0.0
17.967,0.0,0.0
18.0,0.0,0.0
18.033,0.0,0.0
18.067,0.0,0.0
18.1,0.0,0.0
18.133,0.0,0.0
18.167,0.0,0.0
18.2,0.0,0.0
18.233,0.0,0.0
18.267,0.0,0.0
18.3,0.0,0.0
18.333,0.0,0.0
18.367,0.0,0.0
18.4,0.0,0.0
18.433,0.0,0.0
18.467,0.0,0.0
18.5,0.0,0.0
18.533,0.0,0.0
18.567,0.0,0.0
18.6,0.0,0.0
18.633,0.0,0.0
18.667,0.0,0.0
18.7,0.0,0.0
18.733,0.0,0.0
18.767,0.0,0.0
18.8,0.0,0.0
18.833,0.0,0.0
18.867,0.0,0.0
18.9,0.0,0.0
18.933,0.0,0.0
18.967,0.0,0.0
19.0,0.0,0.0
19.033,0.0,0.0
19.067,0.0,0.0
19.1,0.0,0.0
19.133,0.0,0.0
19.167,0.0,0.0
19.2,0.0,0.0
19.233,0.0,0.0
19.267,0.0,0.0
19.3,0.0,0.0
19.333,0.0,0.0
19.367,0.0,0.0
19.4,0.0,0.0
19.433,0.0,0.0
19.467,0.0,0.0
19.5,0.0,0.0
19.533,0.0,0.0
19.567,0.0,0.0
19.6,0.0,0.0
19.633,0.0,0.0
19.667,0.0,0.0
19.7,0.0,0.0
19.733,0.0,0.0
19.767,0.0,0.0
19.8,0.0,0.0
19.833,0.0,0.0
19.867,0.0,0.0
19.9,0.0,0.0
19.933,0.0,0.0
19.967,0.0,0.0
20.0,0.0,0.0
