Time,ObjectID,X,Y,VX,VY
0.0,1,10.0,0.0,-2.0,0
0.0,2,15.0,-0.28,0.0,0
0.0,3,20.0,0.48,-5.0,0
0.1,1,9.8,0.0,-2.0,0
0.1,2,15.0,-0.28,0.0,0
0.1,3,19.5,0.48,-5.0,0
0.2,1,9.6,0.0,-2.0,0
0.2,2,15.0,-0.28,0.0,0
0.2,3,19.0,0.48,-5.0,0
0.30000000000000004,1,9.4,0.0,-2.0,0
0.30000000000000004,2,15.0,-0.28,0.0,0
0.30000000000000004,3,18.5,0.48,-5.0,0
0.4,1,9.2,0.0,-2.0,0
0.4,2,15.0,-0.28,0.0,0
0.4,3,18.0,0.48,-5.0,0
0.5,1,9.0,0.0,-2.0,0
0.5,2,15.0,-0.28,0.0,0
0.5,3,17.5,0.48,-5.0,0
0.6000000000000001,1,8.8,0.0,-2.0,0
0.6000000000000001,2,15.0,-0.28,0.0,0
0.6000000000000001,3,17.0,0.48,-5.0,0
0.7000000000000001,1,8.6,0.0,-2.0,0
0.7000000000000001,2,15.0,-0.28,0.0,0
0.7000000000000001,3,16.5,0.48,-5.0,0
0.8,1,8.4,0.0,-2.0,0
0.8,2,15.0,-0.28,0.0,0
0.8,3,16.0,0.48,-5.0,0
0.9,1,8.2,0.0,-2.0,0
0.9,2,15.0,-0.28,0.0,0
0.9,3,15.5,0.48,-5.0,0
1.0,1,8.0,0.0,-2.0,0
1.0,2,15.0,-0.28,0.0,0
1.0,3,15.0,0.48,-5.0,0
1.1,1,7.8,0.0,-2.0,0
1.1,2,15.0,-0.28,0.0,0
1.1,3,14.5,0.48,-5.0,0
1.2000000000000002,1,7.6,0.0,-2.0,0
1.2000000000000002,2,15.0,-0.28,0.0,0
1.2000000000000002,3,14.0,0.48,-5.0,0
1.3,1,7.4,0.0,-2.0,0
1.3,2,15.0,-0.28,0.0,0
1.3,3,13.5,0.48,-5.0,0
1.4000000000000001,1,7.199999999999999,0.0,-2.0,0
1.4000000000000001,2,15.0,-0.28,0.0,0
1.4000000000000001,3,13.0,0.48,-5.0,0
1.5,1,7.0,0.0,-2.0,0
1.5,2,15.0,-0.28,0.0,0
1.5,3,12.5,0.48,-5.0,0
1.6,1,6.8,0.0,-2.0,0
1.6,2,15.0,-0.28,0.0,0
1.6,3,12.0,0.48,-5.0,0
1.7000000000000002,1,6.6,0.0,-2.0,0
1.7000000000000002,2,15.0,-0.28,0.0,0
1.7000000000000002,3,11.5,0.48,-5.0,0
1.8,1,6.4,0.0,-2.0,0
1.8,2,15.0,-0.28,0.0,0
1.8,3,11.0,0.48,-5.0,0
1.9000000000000001,1,6.199999999999999,0.0,-2.0,0
1.9000000000000001,2,15.0,-0.28,0.0,0
1.9000000000000001,3,10.5,0.48,-5.0,0
2.0,1,6.0,0.0,-2.0,0
2.0,2,15.0,-0.28,0.0,0
2.0,3,10.0,0.48,-5.0,0
2.1,1,5.8,0.0,-2.0,0
2.1,2,15.0,-0.28,0.0,0
2.1,3,9.5,0.48,-5.0,0
2.2,1,5.6,0.0,-2.0,0
2.2,2,15.0,-0.28,0.0,0
2.2,3,9.0,0.48,-5.0,0
2.3000000000000003,1,5.3999999999999995,0.0,-2.0,0
2.3000000000000003,2,15.0,-0.28,0.0,0
2.3000000000000003,3,8.499999999999998,0.48,-5.0,0
2.4000000000000004,1,5.199999999999999,0.0,-2.0,0
2.4000000000000004,2,15.0,-0.28,0.0,0
2.4000000000000004,3,7.999999999999998,0.48,-5.0,0
2.5,1,5.0,0.0,-2.0,0
2.5,2,15.0,-0.28,0.0,0
2.5,3,7.5,0.48,-5.0,0
2.6,1,4.8,0.0,-2.0,0
2.6,2,15.0,-0.28,0.0,0
2.6,3,7.0,0.48,-5.0,0
2.7,1,4.6,0.0,-2.0,0
2.7,2,15.0,-0.28,0.0,0
2.7,3,6.5,0.48,-5.0,0
2.8000000000000003,1,4.3999999999999995,0.0,-2.0,0
2.8000000000000003,2,15.0,-0.28,0.0,0
2.8000000000000003,3,5.999999999999998,0.48,-5.0,0
2.9000000000000004,1,4.199999999999999,0.0,-2.0,0
2.9000000000000004,2,15.0,-0.28,0.0,0
2.9000000000000004,3,5.499999999999998,0.48,-5.0,0
